{"cameraMode":{"drawMode":0,"name":"Shaded","section":"Shading Mode"},"sceneLighting":true,"audioPlay":false,"sceneViewState":{"m_AlwaysRefresh":false,"showFog":true,"showSkybox":true,"showFlares":true,"showImageEffects":true,"showParticleSystems":true,"showVisualEffectGraphs":true,"m_FxEnabled":true},"in2DMode":false,"pivot":{"x":0.049517516046762469,"y":-7.066927909851074,"z":-0.6161648631095886},"rotation":{"x":0.6543152928352356,"y":0.05422429367899895,"z":-0.04717174917459488,"w":0.7528431415557861},"size":10.853256225585938,"orthographic":false}