{"cameraMode":{"drawMode":0,"name":"Shaded","section":"Shading Mode"},"sceneLighting":true,"audioPlay":false,"sceneViewState":{"m_AlwaysRefresh":false,"showFog":true,"showSkybox":true,"showFlares":true,"showImageEffects":true,"showParticleSystems":true,"showVisualEffectGraphs":true,"m_FxEnabled":true},"in2DMode":false,"pivot":{"x":-2.4886064529418947,"y":-10.519393920898438,"z":6.407683372497559},"rotation":{"x":0.4900472164154053,"y":-0.10162172466516495,"z":0.05759496986865997,"w":0.8638787865638733},"size":10.853256225585938,"orthographic":false}